{
  "project_info": {
    "project_number": "658886046255",
    "project_id": "washit-a39b5",
    "storage_bucket": "washit-a39b5.appspot.com"
  },
  "client": [
    {
      "client_info": {
        "mobilesdk_app_id": "1:658886046255:android:395f3af05154cc81d24cda",
        "android_client_info": {
          "package_name": "com.example.project"
        }
      },
      "oauth_client": [
        {
          "client_id": "658886046255-vb8mo2k9gv5fjlld29o46em548cc0o7m.apps.googleusercontent.com",
          "client_type": 3
        }
      ],
      "api_key": [
        {
          "current_key": "AIzaSyDJ6rL4H0WxD-tCt8WBILfne2R46ocZjYA"
        }
      ],
      "services": {
        "appinvite_service": {
          "other_platform_oauth_client": [
            {
              "client_id": "658886046255-vb8mo2k9gv5fjlld29o46em548cc0o7m.apps.googleusercontent.com",
              "client_type": 3
            }
          ]
        }
      }
    },
    {
      "client_info": {
        "mobilesdk_app_id": "1:658886046255:android:e43fde52d7b84b6fd24cda",
        "android_client_info": {
          "package_name": "com.example.washit"
        }
      },
      "oauth_client": [
        {
          "client_id": "658886046255-vb8mo2k9gv5fjlld29o46em548cc0o7m.apps.googleusercontent.com",
          "client_type": 3
        }
      ],
      "api_key": [
        {
          "current_key": "AIzaSyDJ6rL4H0WxD-tCt8WBILfne2R46ocZjYA"
        }
      ],
      "services": {
        "appinvite_service": {
          "other_platform_oauth_client": [
            {
              "client_id": "658886046255-vb8mo2k9gv5fjlld29o46em548cc0o7m.apps.googleusercontent.com",
              "client_type": 3
            }
          ]
        }
      }
    }
  ],
  "configuration_version": "1"
}